Time,Diff_psi,Upstream_psi,ConfTemp_C,UpstreamTemp_C,DownstreamTemp_C
01/19/2016 02:22:00.376 PM,-0.021325659,9.924035057,25.06470115,24.86896419,24.79542491
01/19/2016 02:22:01.376 PM,-0.020632086,9.934196704,25.04550564,24.87130602,24.80151458
01/19/2016 02:22:02.376 PM,-0.021374048,9.928712641,25.0370781,24.86287538,24.7898036
01/19/2016 02:22:03.376 PM,-0.020374013,9.928390049,25.05533758,24.86662235,24.78652448
01/19/2016 02:22:04.376 PM,-0.02166438,9.920809137,25.05908303,24.88957188,24.79917241
01/19/2016 02:22:05.376 PM,-0.020986937,9.932422448,25.04269647,24.87786308,24.79214582
01/19/2016 02:22:06.376 PM,-0.021148233,9.927422273,25.05065573,24.88020486,24.79214582
01/19/2016 02:22:07.376 PM,-0.020841771,9.932583744,25.0380145,24.88207828,24.80291988
01/19/2016 02:22:08.376 PM,-0.019906254,9.927422273,25.03286427,24.87739472,24.78511913
01/19/2016 02:22:09.376 PM,-0.019228811,9.921293025,25.03520529,24.86521724,24.80432517
01/19/2016 02:22:10.376 PM,-0.01885783,9.930809489,25.05627395,24.87926815,24.80057771
01/19/2016 02:22:11.176 PM,-0.019567533,9.921454321,25.05814667,24.88442004,24.7794977
01/19/2016 02:22:12.376 PM,-0.018728793,9.929519121,25.03380068,24.87271111,24.78137152
01/19/2016 02:22:13.376 PM,-0.019599792,9.922744689,25.04269647,24.87458456,24.79308271
01/19/2016 02:22:14.376 PM,-0.019309459,9.927583569,25.04644202,24.85116592,24.7977671
01/19/2016 02:22:15.376 PM,-0.019180422,9.928551345,25.0618921,24.86615398,24.79870397
01/19/2016 02:22:16.376 PM,-0.019051385,9.927583569,25.04129189,24.87926815,24.80385674
01/19/2016 02:22:17.376 PM,-0.019390107,9.923067281,25.05721031,24.87879979,24.79542491
01/19/2016 02:22:18.176 PM,-0.019148163,9.929841713,25.05346485,24.88301499,24.78839827
01/19/2016 02:22:19.176 PM,-0.019615921,9.925809313,25.0548694,24.87879979,24.82961975
01/19/2016 02:22:20.176 PM,-0.019535273,9.920163953,25.04222828,24.89378698,24.80432517
01/19/2016 02:22:21.176 PM,-0.018890089,9.928067457,25.05346485,24.88676179,24.78839827
01/19/2016 02:22:22.176 PM,-0.01926107,9.925002833,25.05299666,24.88910353,24.7898036
01/19/2016 02:22:23.176 PM,-0.019019126,9.928067457,25.0515921,24.87786308,24.78371378
01/19/2016 02:22:24.376 PM,-0.01887396,9.931293376,25.03239606,24.876458,24.79823554
01/19/2016 02:22:25.376 PM,-0.019035256,9.926938385,25.06048757,24.88348334,24.78043461
01/19/2016 02:22:26.176 PM,-0.01885783,9.929680417,25.04878298,24.86755909,24.78792982
01/19/2016 02:22:27.176 PM,-0.019115904,9.929680417,25.0548694,24.88535674,24.78043461
01/19/2016 02:22:28.176 PM,-0.019325589,9.925325425,25.02724577,24.876458,24.79355115
01/19/2016 02:22:29.376 PM,-0.019099774,9.928551345,25.04503744,24.87364783,24.79870397
01/19/2016 02:22:30.176 PM,-0.019228811,9.924196353,25.02022256,24.89612869,24.78886671
01/19/2016 02:22:31.376 PM,-0.019422366,9.923389873,25.04129189,24.87364783,24.77809234
01/19/2016 02:22:32.176 PM,-0.018825571,9.930648193,25.02584114,24.85866001,24.80291988
01/19/2016 02:22:33.176 PM,-0.019438496,9.920647841,25.04269647,24.86709072,24.76778618
01/19/2016 02:22:34.176 PM,-0.019535273,9.922422097,25.02724577,24.8741162,24.79636179
01/19/2016 02:22:35.176 PM,-0.019132033,9.928390049,25.0515921,24.85631812,24.78324533
01/19/2016 02:22:36.176 PM,-0.018422331,9.928712641,25.04503744,24.87739472,24.79355115
01/19/2016 02:22:37.176 PM,-0.019083645,9.932099856,25.04269647,24.86943256,24.80245145
01/19/2016 02:22:38.176 PM,-0.020035291,9.921938209,25.04222828,24.87879979,24.77762388
01/19/2016 02:22:39.376 PM,-0.01887396,9.928873937,25.05908303,24.88769849,24.65487229
01/19/2016 02:22:40.576 PM,6.926031332,9.920809137,25.03988729,24.876458,24.61738455
01/19/2016 02:22:41.576 PM,9.191191561,9.915970257,25.04831479,24.85069753,24.66518089
01/19/2016 02:22:42.576 PM,9.579076156,9.912421746,25.0370781,24.89191361,24.68392324
01/19/2016 02:22:43.576 PM,9.658982189,9.910970082,25.04222828,24.85819163,24.71906315
01/19/2016 02:22:44.776 PM,9.683192717,9.924196353,25.02350007,24.88582509,24.7050075
01/19/2016 02:22:45.776 PM,9.690628463,9.923551169,25.03660989,24.87692636,24.71578353
01/19/2016 02:22:46.776 PM,9.69316081,9.918873585,25.03333247,24.88395169,24.70219632
01/19/2016 02:22:47.776 PM,9.682434626,9.917260625,25.04644202,24.83243017,24.71859463
01/19/2016 02:22:48.776 PM,9.680321649,9.922422097,25.04925116,24.85397622,24.71672057
01/19/2016 02:22:49.776 PM,9.680966833,9.923712465,25.03660989,24.8741162,24.75092108
01/19/2016 02:22:50.976 PM,9.681579758,9.918712289,25.03380068,24.8642805,24.73874036
01/19/2016 02:22:51.776 PM,9.671643925,9.908873234,25.05018754,24.85866001,24.71531502
01/19/2016 02:22:52.776 PM,9.668305098,9.90258269,25.06095574,24.84882399,24.72796485
01/19/2016 02:22:53.776 PM,9.662530701,9.906937682,25.03660989,24.86334375,24.73452388
01/19/2016 02:22:54.976 PM,9.656288546,9.898711587,25.04597383,24.876458,24.7471732
01/19/2016 02:22:55.776 PM,9.655804658,9.897259923,25.04878298,24.86474887,24.76825465
01/19/2016 02:22:56.776 PM,9.653643292,9.897259923,25.04691021,24.87271111,24.75982218
01/19/2016 02:22:57.976 PM,9.643400997,9.902905282,25.0473784,24.87083765,24.76169608
01/19/2016 02:22:58.776 PM,9.643126794,9.900163251,25.03988729,24.85303945,24.75279501
01/19/2016 02:22:59.976 PM,9.633029665,9.889679011,25.04269647,24.86802746,24.73920886
01/19/2016 02:23:00.776 PM,9.629819875,9.88048514,25.02303186,24.87926815,24.74623623
01/19/2016 02:23:01.976 PM,9.629545671,9.886453091,25.03567349,24.88254663,24.74342529
01/19/2016 02:23:02.776 PM,9.624497107,9.886775683,25.04550564,24.87458456,24.75326349
01/19/2016 02:23:03.776 PM,9.615496791,9.883065876,25.04082369,24.86568561,24.74201982
01/19/2016 02:23:04.776 PM,9.614028997,9.876775332,25.04597383,24.86896419,24.74576774
01/19/2016 02:23:05.776 PM,9.603754443,9.860000549,25.04644202,24.86662235,24.75841676
01/19/2016 02:23:06.976 PM,9.602899574,9.867742757,25.04456925,24.85397622,24.76029066
01/19/2016 02:23:07.776 PM,9.597060659,9.865968501,25.04550564,24.85912839,24.77434467
01/19/2016 02:23:08.976 PM,9.589011989,9.85112927,25.0515921,24.87786308,24.76544384
01/19/2016 02:23:09.776 PM,9.588382935,9.844838726,25.04269647,24.8567865,24.77059697
01/19/2016 02:23:10.776 PM,9.579043897,9.844354838,25.02724577,24.85303945,24.78511913
01/19/2016 02:23:11.976 PM,9.575559904,9.850967974,25.04456925,24.87505292,24.74811017
01/19/2016 02:23:12.776 PM,9.574785683,9.835322263,25.04597383,24.87598964,24.74764169
01/19/2016 02:23:13.776 PM,9.563930463,9.834354487,25.03614169,24.87036929,24.78558758
01/19/2016 02:23:14.976 PM,9.553865593,9.833386711,25.05065573,24.86240701,24.76684925
01/19/2016 02:23:15.776 PM,9.550849358,9.826773575,25.04971935,24.87786308,24.77481313
01/19/2016 02:23:16.776 PM,9.550849358,9.818708776,25.04878298,24.84179814,24.74623623
01/19/2016 02:23:17.776 PM,9.538123104,9.812740824,25.05112392,24.86802746,24.76544384
01/19/2016 02:23:18.776 PM,9.535526239,9.816450632,25.03614169,24.87692636,24.77293929
01/19/2016 02:23:19.976 PM,9.530945433,9.799353257,25.04222828,24.86990092,24.74811017
01/19/2016 02:23:20.776 PM,9.525493629,9.794675673,25.04644202,24.86568561,24.7715339
01/19/2016 02:23:21.776 PM,9.523090318,9.799030665,25.03426888,24.85819163,24.7645069
01/19/2016 02:23:22.776 PM,9.512993189,9.78596569,25.03052324,24.8642805,24.7574798
01/19/2016 02:23:23.976 PM,9.511477007,9.782255882,25.04316467,24.87458456,24.7715339
01/19/2016 02:23:24.776 PM,9.502428302,9.774836267,25.0384827,24.85912839,24.77012851
01/19/2016 02:23:25.776 PM,9.499266901,9.771932939,25.02677756,24.8441401,24.75373197
01/19/2016 02:23:26.776 PM,9.498331384,9.758867964,25.02069078,24.86568561,24.75279501
01/19/2016 02:23:27.776 PM,9.487330997,9.764029435,25.04176008,24.86521724,24.76029066
01/19/2016 02:23:28.776 PM,9.484476058,9.756932412,25.0380145,24.85819163,24.76497537
01/19/2016 02:23:29.776 PM,9.476137056,9.740480221,25.02490471,24.85912839,24.77575005
01/19/2016 02:23:30.776 PM,9.473024043,9.745802989,25.03941909,24.85631812,24.77902925
01/19/2016 02:23:31.776 PM,9.47195949,9.741125405,25.02537293,24.87317947,24.7574798
01/19/2016 02:23:32.776 PM,9.460249401,9.735802637,25.04644202,24.86990092,24.76684925
01/19/2016 02:23:33.776 PM,9.456620241,9.722253774,25.05206029,24.87926815,24.74155132
01/19/2016 02:23:34.776 PM,9.456442815,9.724995806,25.04597383,24.86100189,24.77200236
01/19/2016 02:23:35.776 PM,9.446152131,9.711608239,25.04691021,24.86053351,24.75560589
01/19/2016 02:23:36.776 PM,9.44258749,9.706608063,25.02396829,24.87786308,24.77387621
01/19/2016 02:23:37.776 PM,9.435925966,9.708059727,25.05674213,24.876458,24.75279501
01/19/2016 02:23:38.776 PM,9.430877401,9.696446416,25.03052324,24.87224275,24.76403843
01/19/2016 02:23:39.776 PM,9.430716105,9.69628512,25.02537293,24.87036929,24.78043461
01/19/2016 02:23:40.776 PM,9.419376997,9.688059024,25.03333247,24.86849582,24.75185805
01/19/2016 02:23:41.776 PM,9.416941428,9.692575312,25.05533758,24.86100189,24.78230843
01/19/2016 02:23:42.776 PM,9.40919922,9.676768305,25.02771398,24.85210269,24.75888523
01/19/2016 02:23:43.776 PM,9.404650673,9.670639057,25.05533758,24.86568561,24.77621851
01/19/2016 02:23:44.776 PM,9.404344211,9.674671457,25.04503744,24.85866001,24.76403843
01/19/2016 02:23:45.776 PM,9.39152118,9.655315938,25.03988729,24.85912839,24.77996616
01/19/2016 02:23:46.776 PM,9.389424332,9.657735378,25.04410106,24.87224275,24.76029066
01/19/2016 02:23:47.776 PM,9.379794961,9.648702803,25.0656375,24.86240701,24.77528159
01/19/2016 02:23:48.776 PM,9.377407781,9.643702627,25.05018754,24.86990092,24.78746137
01/19/2016 02:23:49.776 PM,9.372956011,9.63837986,25.02630935,24.86287538,24.7574798
01/19/2016 02:23:50.776 PM,9.366391264,9.637412084,25.03567349,24.84554527,24.76169608
01/19/2016 02:23:51.776 PM,9.366375135,9.638702451,25.04691021,24.85772325,24.75560589
01/19/2016 02:23:52.776 PM,9.355810248,9.618540453,25.03192786,24.87083765,24.75701133
01/19/2016 02:23:53.776 PM,9.354842472,9.623056741,25.03239606,24.86709072,24.76263302
01/19/2016 02:23:54.776 PM,9.344777602,9.620798597,25.0380145,24.84882399,24.77106544
01/19/2016 02:23:55.776 PM,9.34245494,9.615475829,25.02584114,24.86334375,24.74764169
01/19/2016 02:23:56.776 PM,9.342680754,9.60660455,25.04597383,24.84741883,24.80385674
01/19/2016 02:23:57.776 PM,9.331664238,9.60015271,25.04363286,24.86381213,24.74670471
01/19/2016 02:23:58.776 PM,9.33039,9.612895093,25.05393303,24.86568561,24.74904715
01/19/2016 02:23:59.776 PM,9.318937984,9.585313479,25.05112392,24.86147026,24.76310149
01/19/2016 02:24:00.776 PM,9.316566933,9.588055511,25.04878298,24.87458456,24.75466893
01/19/2016 02:24:01.776 PM,9.309018281,9.583861815,25.04691021,24.87786308,24.76778618
01/19/2016 02:24:02.776 PM,9.304792326,9.57402276,25.04456925,24.86802746,24.79823554
01/19/2016 02:24:03.776 PM,9.30382455,9.56918388,25.0380145,24.8642805,24.75513741
01/19/2016 02:24:04.776 PM,9.294050013,9.564506296,25.04222828,24.84695044,24.76029066
01/19/2016 02:24:05.776 PM,9.292420924,9.570958136,25.0384827,24.87317947,24.77762388
01/19/2016 02:24:06.776 PM,9.283920625,9.554344649,25.04550564,24.87177438,24.77106544
01/19/2016 02:24:07.776 PM,9.280130169,9.554828537,25.04691021,24.86662235,24.7715339
01/19/2016 02:24:08.776 PM,9.275129994,9.549505769,25.05767849,24.86802746,24.78183997
01/19/2016 02:24:09.776 PM,9.267597471,9.533537466,25.04316467,24.86521724,24.78090307
01/19/2016 02:24:10.776 PM,9.267339397,9.535956906,25.04035549,24.86615398,24.77200236
01/19/2016 02:24:11.776 PM,9.259081043,9.531924506,25.0618921,24.88020486,24.77621851
01/19/2016 02:24:12.776 PM,9.255322846,9.523698411,25.02584114,24.86053351,24.76075913
01/19/2016 02:24:13.776 PM,9.245322495,9.510310844,25.05346485,24.88957188,24.76497537
01/19/2016 02:24:14.776 PM,9.242548204,9.517730459,25.02584114,24.84882399,24.75420045
01/19/2016 02:24:15.776 PM,9.242515944,9.508536588,25.02677756,24.86849582,24.77528159
01/19/2016 02:24:16.776 PM,9.233354332,9.497891053,25.06001939,24.87833143,24.78792982
01/19/2016 02:24:17.776 PM,9.229096118,9.494019949,25.05814667,24.86521724,24.78043461
01/19/2016 02:24:18.776 PM,9.22340237,9.492890877,25.05674213,24.86334375,24.77293929
01/19/2016 02:24:19.776 PM,9.216192439,9.48272923,25.05627395,24.84695044,24.78839827
01/19/2016 02:24:20.776 PM,9.214595609,9.483697006,25.04129189,24.87177438,24.76169608
01/19/2016 02:24:21.776 PM,9.205901755,9.483374414,25.0384827,24.87177438,24.76872311
01/19/2016 02:24:22.776 PM,9.203837166,9.459663903,25.06095574,24.86709072,24.77293929
01/19/2016 02:24:23.776 PM,9.196885309,9.464664079,25.05346485,24.85116592,24.75466893
01/19/2016 02:24:24.776 PM,9.190836709,9.466599631,25.03426888,24.87271111,24.77434467
01/19/2016 02:24:25.776 PM,9.190127007,9.462889823,25.0703192,24.85772325,24.74998412
01/19/2016 02:24:26.776 PM,9.179449213,9.450792624,25.04456925,24.84648205,24.76825465
01/19/2016 02:24:27.776 PM,9.173819983,9.443050416,25.03333247,24.87224275,24.78324533
01/19/2016 02:24:28.776 PM,9.165851961,9.44530856,25.06282845,24.86100189,24.76169608
01/19/2016 02:24:29.776 PM,9.166126164,9.44288912,25.05112392,24.86662235,24.75888523
01/19/2016 02:24:30.776 PM,9.164948703,9.433050065,25.05393303,24.86006514,24.77856079
01/19/2016 02:24:31.776 PM,9.154448334,9.429824145,25.06329663,24.84601366,24.78465068
01/19/2016 02:24:32.776 PM,9.153077318,9.422565826,25.05206029,24.87926815,24.75888523
01/19/2016 02:24:33.776 PM,9.147625514,9.411436402,25.06516932,24.85397622,24.77200236
01/19/2016 02:24:34.776 PM,9.142012413,9.412888066,25.04129189,24.85303945,24.77481313
01/19/2016 02:24:35.776 PM,9.140222028,9.413694546,25.04831479,24.86100189,24.76638078
01/19/2016 02:24:36.776 PM,9.130028121,9.41192029,25.07078737,24.86521724,24.7898036
01/19/2016 02:24:37.776 PM,9.12647961,9.394177731,25.04878298,24.87224275,24.76356996
01/19/2016 02:24:38.776 PM,9.120560047,9.394016435,25.04971935,24.88442004,24.78746137
01/19/2016 02:24:39.776 PM,9.113834004,9.395629395,25.05440122,24.8567865,24.78277688
01/19/2016 02:24:40.776 PM,9.1119791,9.381112756,25.07593719,24.88629344,24.77668696
01/19/2016 02:24:41.776 PM,9.101752934,9.372564069,25.05580576,24.87130602,24.77856079
01/19/2016 02:24:42.776 PM,9.100381919,9.374177029,25.05299666,24.87598964,24.75794828
01/19/2016 02:24:43.776 PM,9.090849326,9.364015381,25.03660989,24.88207828,24.77106544
01/19/2016 02:24:44.776 PM,9.088784737,9.364176677,25.04597383,24.86662235,24.76778618
01/19/2016 02:24:45.776 PM,9.088155683,9.355789286,25.0637648,24.86240701,24.77762388
01/19/2016 02:24:46.776 PM,9.082994211,9.343692087,25.05018754,24.87692636,24.78511913
01/19/2016 02:24:47.776 PM,9.071977695,9.338369319,25.03988729,24.85303945,24.76919158
01/19/2016 02:24:48.776 PM,9.071251863,9.346595414,25.03239606,24.89144526,24.77528159
01/19/2016 02:24:49.776 PM,9.063622562,9.331110999,25.0380145,24.85959676,24.78699293
01/19/2016 02:24:50.776 PM,9.058541739,9.320142872,25.05252848,24.8642805,24.78558758
01/19/2016 02:24:51.776 PM,9.053057675,9.32143324,25.0515921,24.85210269,24.76591231
01/19/2016 02:24:52.776 PM,9.043589601,9.315303992,25.04597383,24.85631812,24.76872311
01/19/2016 02:24:53.776 PM,9.043637989,9.309497337,25.06095574,24.86943256,24.77106544
01/19/2016 02:24:54.776 PM,9.034960265,9.302884201,25.04971935,24.87552128,24.76591231
01/19/2016 02:24:55.776 PM,9.030798829,9.301755129,25.04878298,24.87036929,24.77809234
01/19/2016 02:24:56.776 PM,9.030266552,9.29127089,25.05580576,24.86849582,24.78699293
01/19/2016 02:24:57.776 PM,9.020766218,9.289980522,25.05533758,24.88254663,24.76544384
01/19/2016 02:24:58.776 PM,9.018733889,9.294174218,25.05674213,24.86334375,24.74998412
01/19/2016 02:24:59.776 PM,9.016814466,9.275463883,25.05721031,24.86147026,24.77762388
01/19/2016 02:25:00.776 PM,9.006749597,9.266592604,25.04644202,24.85584974,24.76216455
01/19/2016 02:25:01.776 PM,9.005620525,9.270302411,25.0286504,24.87786308,24.78230843
01/19/2016 02:25:02.776 PM,8.996200839,9.264657052,25.04082369,24.86943256,24.77809234
01/19/2016 02:25:03.776 PM,8.994297546,9.2586891,25.04269647,24.84976076,24.77200236
01/19/2016 02:25:04.776 PM,8.984764953,9.245301533,25.06329663,24.85350783,24.77012851
01/19/2016 02:25:05.776 PM,8.981474515,9.245462829,25.04878298,24.85866001,24.78418223
01/19/2016 02:25:06.776 PM,8.981151923,9.231268782,25.04597383,24.84929238,24.77668696
01/19/2016 02:25:07.776 PM,8.971732237,9.243043389,25.04316467,24.8741162,24.76310149
01/19/2016 02:25:08.776 PM,8.969038594,9.23659155,25.05393303,24.87271111,24.76638078
01/19/2016 02:25:09.776 PM,8.960231833,9.218203807,25.05580576,24.85069753,24.77575005
01/19/2016 02:25:10.776 PM,8.956715581,9.214493999,25.05721031,24.83664578,24.77902925
01/19/2016 02:25:11.776 PM,8.951296035,9.217074735,25.04269647,24.86521724,24.76684925
01/19/2016 02:25:12.776 PM,8.946473285,9.218526399,25.04082369,24.88723014,24.75232653
01/19/2016 02:25:13.776 PM,8.944199012,9.200299952,25.0370781,24.85303945,24.77106544
01/19/2016 02:25:14.776 PM,8.935585806,9.196912736,25.06985103,24.86193864,24.77715542
01/19/2016 02:25:15.776 PM,8.932150201,9.198525696,25.07546902,24.8741162,24.78277688
01/19/2016 02:25:16.776 PM,8.93221472,9.187557569,25.05393303,24.85538136,24.77340775
01/19/2016 02:25:17.776 PM,8.924827364,9.187234977,25.04971935,24.84132975,24.79917241
01/19/2016 02:25:18.776 PM,8.918198098,9.179008881,25.0515921,24.85631812,24.77059697
01/19/2016 02:25:19.776 PM,8.914568939,9.176105554,25.05674213,24.85725488,24.77387621
01/19/2016 02:25:20.776 PM,8.905197642,9.163524466,25.0731282,24.85116592,24.75654285
01/19/2016 02:25:21.776 PM,8.905197642,9.172395746,25.04878298,24.87271111,24.77528159
01/19/2016 02:25:22.776 PM,8.8940037,9.167879458,25.05580576,24.87317947,24.78371378
01/19/2016 02:25:23.776 PM,8.892035889,9.146265795,25.05674213,24.86381213,24.77528159
01/19/2016 02:25:24.776 PM,8.891616519,9.143362468,25.0473784,24.87505292,24.79870397
01/19/2016 02:25:25.776 PM,8.880519355,9.147394867,25.04316467,24.86943256,24.77996616
01/19/2016 02:25:26.776 PM,8.879309635,9.143523764,25.05018754,24.87364783,24.77200236
01/19/2016 02:25:27.776 PM,8.870196412,9.130620084,25.05861485,24.86006514,24.78277688
01/19/2016 02:25:28.776 PM,8.865599476,9.126103797,25.05440122,24.86521724,24.78746137
01/19/2016 02:25:29.776 PM,8.86180902,9.125942501,25.05721031,24.85912839,24.78183997
01/19/2016 02:25:30.776 PM,8.855760421,9.113845302,25.0478466,24.84929238,24.77247082
01/19/2016 02:25:31.776 PM,8.856147531,9.124329541,25.05627395,24.86381213,24.78043461
01/19/2016 02:25:32.776 PM,8.854131331,9.107554758,25.0380145,24.86474887,24.7794977
01/19/2016 02:25:33.776 PM,8.842050262,9.104328838,25.04316467,24.86568561,24.79167738
01/19/2016 02:25:34.776 PM,8.84092119,9.092070343,25.0478466,24.86474887,24.77012851
01/19/2016 02:25:35.776 PM,8.834130629,9.098038295,25.04691021,24.88301499,24.76029066
01/19/2016 02:25:36.776 PM,8.826678754,9.098522183,25.06891469,24.87598964,24.7715339
01/19/2016 02:25:37.776 PM,8.824952887,9.074005192,25.05721031,24.8516343,24.78558758
01/19/2016 02:25:38.776 PM,8.815807404,9.074972968,25.03941909,24.84788722,24.78090307
01/19/2016 02:25:39.776 PM,8.813049243,9.074811672,25.05908303,24.87224275,24.77434467
01/19/2016 02:25:40.776 PM,8.813597649,9.087231463,25.0548694,24.876458,24.78652448
01/19/2016 02:25:41.776 PM,8.802468226,9.060133737,25.04176008,24.87926815,24.79027205
01/19/2016 02:25:42.776 PM,8.800468156,9.056746521,25.04925116,24.86334375,24.78418223
01/19/2016 02:25:43.776 PM,8.796306719,9.056101337,25.04831479,24.86193864,24.78558758
01/19/2016 02:25:44.776 PM,8.787903198,9.048520426,25.0548694,24.89893872,24.77856079
01/19/2016 02:25:45.776 PM,8.787919328,9.056423929,25.03520529,24.8544446,24.76544384
01/19/2016 02:25:46.776 PM,8.778548031,9.039003962,25.05252848,24.89050857,24.77200236
01/19/2016 02:25:47.776 PM,8.774870482,9.037068411,25.06329663,24.86849582,24.75560589
01/19/2016 02:25:48.776 PM,8.774112391,9.031906939,25.04831479,24.85819163,24.77996616
01/19/2016 02:25:49.776 PM,8.762111969,9.028842315,25.05533758,24.86849582,24.78746137
01/19/2016 02:25:50.776 PM,8.759466715,9.031906939,25.06470115,24.89847038,24.76684925
01/19/2016 02:25:51.776 PM,8.757079534,9.019648444,25.06329663,24.86240701,24.77621851
01/19/2016 02:25:52.776 PM,8.745740426,9.006422173,25.04971935,24.86662235,24.78605603
01/19/2016 02:25:53.776 PM,8.744643614,9.005615693,25.05065573,24.83617738,24.78418223
01/19/2016 02:25:54.776 PM,8.745272668,9.019325852,25.04176008,24.85397622,24.77996616
01/19/2016 02:25:55.776 PM,8.734530355,9.007228652,25.06282845,24.87317947,24.77340775
01/19/2016 02:25:56.776 PM,8.732530285,8.986905358,25.05346485,24.85538136,24.77621851
01/19/2016 02:25:57.776 PM,8.723304154,8.987873134,25.05440122,24.84648205,24.78183997
01/19/2016 02:25:58.776 PM,8.720545993,8.985453694,25.05533758,24.87130602,24.78418223
01/19/2016 02:25:59.776 PM,8.72104601,8.98642147,25.06797835,24.85959676,24.76075913
01/19/2016 02:26:00.776 PM,8.709416569,8.967227247,25.04878298,24.86615398,24.77621851
01/19/2016 02:26:01.776 PM,8.707610054,8.967227247,25.05627395,24.85725488,24.76872311
01/19/2016 02:26:02.776 PM,8.703835728,8.969162799,25.06516932,24.86662235,24.77200236
01/19/2016 02:26:03.776 PM,8.695141874,8.960614112,25.05533758,24.84788722,24.77106544
01/19/2016 02:26:04.776 PM,8.694238617,8.962872255,25.05206029,24.88816684,24.77996616
01/19/2016 02:26:05.776 PM,8.685931873,8.950936352,25.05814667,24.86849582,24.77247082
01/19/2016 02:26:06.776 PM,8.68204464,8.937387489,25.05206029,24.84320332,24.76919158
01/19/2016 02:26:07.776 PM,8.680367162,8.934000273,25.05908303,24.87505292,24.76497537
01/19/2016 02:26:08.776 PM,8.670624884,8.941581185,25.05112392,24.87505292,24.76872311
01/19/2016 02:26:09.776 PM,8.668221574,8.942226369,25.07874615,24.85772325,24.77293929
01/19/2016 02:26:10.776 PM,8.667205409,8.919161042,25.05065573,24.88254663,24.75794828
01/19/2016 02:26:11.776 PM,8.659027702,8.916580306,25.05627395,24.87224275,24.78465068
01/19/2016 02:26:12.776 PM,8.655059821,8.919161042,25.05440122,24.85303945,24.77575005
01/19/2016 02:26:13.776 PM,8.654075915,8.926258066,25.0618921,24.87271111,24.7794977
01/19/2016 02:26:14.776 PM,8.643236825,8.903192739,25.05533758,24.85772325,24.75982218
01/19/2016 02:26:15.776 PM,8.640914163,8.899482931,25.04363286,24.86849582,24.76778618
01/19/2016 02:26:16.776 PM,8.63780115,8.902063667,25.05627395,24.86943256,24.76263302
01/19/2016 02:26:17.776 PM,8.630187979,8.8927085,25.06704201,24.83945617,24.77996616
01/19/2016 02:26:18.776 PM,8.628687927,8.891740724,25.06048757,24.85819163,24.76919158
01/19/2016 02:26:19.776 PM,8.626784634,8.885772772,25.05112392,24.87598964,24.77387621
01/19/2016 02:26:20.776 PM,8.613219641,8.880127413,25.06142392,24.85725488,24.77200236
01/19/2016 02:26:21.776 PM,8.611316349,8.86577207,25.04550564,24.87926815,24.76310149
01/19/2016 02:26:22.776 PM,8.611509904,8.873514277,25.05346485,24.84929238,24.7504526
01/19/2016 02:26:23.776 PM,8.600299833,8.869159285,25.06704201,24.86521724,24.77996616
01/19/2016 02:26:24.776 PM,8.59718682,8.862868742,25.03380068,24.86521724,24.77621851
01/19/2016 02:26:25.776 PM,8.596702932,8.844158407,25.06423298,24.85819163,24.78324533
01/19/2016 02:26:26.776 PM,8.586379989,8.848190807,25.07078737,24.87552128,24.75138957
01/19/2016 02:26:27.776 PM,8.584412178,8.853997462,25.04878298,24.87083765,24.77247082
01/19/2016 02:26:28.776 PM,8.583718605,8.840932487,25.04269647,24.876458,24.76684925
01/19/2016 02:26:29.776 PM,8.570734278,8.82996436,25.0548694,24.86943256,24.78277688
01/19/2016 02:26:30.776 PM,8.569201966,8.828835288,25.0515921,24.86896419,24.76216455
01/19/2016 02:26:31.776 PM,8.565072788,8.833674168,25.07078737,24.85866001,24.76263302
01/19/2016 02:26:32.776 PM,8.558088672,8.823835112,25.05767849,24.85725488,24.78137152
01/19/2016 02:26:33.776 PM,8.557459618,8.820447897,25.05814667,24.88957188,24.77575005
01/19/2016 02:26:34.776 PM,8.546201158,8.814318649,25.05346485,24.86943256,24.76919158
01/19/2016 02:26:35.776 PM,8.544523679,8.79980201,25.05393303,24.87364783,24.76872311
01/19/2016 02:26:36.776 PM,8.540588057,8.801576266,25.04971935,24.87552128,24.78746137
01/19/2016 02:26:37.776 PM,8.533345867,8.80141497,25.04082369,24.85116592,24.78043461
01/19/2016 02:26:38.776 PM,8.532458739,8.796414794,25.06610567,24.86943256,24.77481313
01/19/2016 02:26:39.776 PM,8.530636095,8.785285371,25.0478466,24.87271111,24.77621851
01/19/2016 02:26:40.776 PM,8.5199583,8.779478715,25.05861485,24.87833143,24.77387621
01/19/2016 02:26:41.776 PM,8.518990524,8.782543339,25.05018754,24.87130602,24.78652448
01/19/2016 02:26:42.776 PM,8.512441907,8.783833707,25.07359637,24.88301499,24.76544384
01/19/2016 02:26:43.776 PM,8.506441696,8.763026524,25.05299666,24.86943256,24.77387621
01/19/2016 02:26:44.776 PM,8.50508681,8.758026349,25.05580576,24.86147026,24.76263302
01/19/2016 02:26:45.776 PM,8.495699383,8.766736332,25.05393303,24.88114157,24.76919158
01/19/2016 02:26:46.776 PM,8.492554112,8.762058748,25.05393303,24.87130602,24.77012851
01/19/2016 02:26:47.776 PM,8.492457334,8.748832477,25.06423298,24.88910353,24.77012851
01/19/2016 02:26:48.776 PM,8.483086037,8.739961198,25.06844652,24.85491298,24.76263302
01/19/2016 02:26:49.776 PM,8.478472972,8.741251566,25.05955121,24.86521724,24.75513741
01/19/2016 02:26:50.776 PM,8.47895686,8.742058046,25.0913863,24.85631812,24.74061434
01/19/2016 02:26:51.776 PM,8.466666105,8.733186766,25.06001939,24.88348334,24.77856079
01/19/2016 02:26:52.776 PM,8.464440221,8.729638255,25.04550564,24.87505292,24.75654285
01/19/2016 02:26:53.776 PM,8.464036981,8.725121967,25.0731282,24.86990092,24.77575005
01/19/2016 02:26:54.776 PM,8.453794685,8.711089216,25.04410106,24.87598964,24.79495647
01/19/2016 02:26:55.776 PM,8.450875228,8.712218288,25.05299666,24.87317947,24.77668696
01/19/2016 02:26:56.776 PM,8.450246174,8.711411808,25.06938286,24.88863519,24.77387621
01/19/2016 02:26:57.776 PM,8.439390953,8.707863296,25.05627395,24.8741162,24.76497537
01/19/2016 02:26:58.776 PM,8.43793929,8.688830369,25.06470115,24.86568561,24.78277688
01/19/2016 02:26:59.776 PM,8.434568203,8.698346833,25.07125554,24.86053351,24.76497537
01/19/2016 02:27:00.776 PM,8.42624533,8.690765921,25.07266004,24.84929238,24.76731771
01/19/2016 02:27:01.776 PM,8.425971127,8.695120913,25.05627395,24.87271111,24.75935371
01/19/2016 02:27:02.776 PM,8.424890444,8.675442802,25.06751018,24.87552128,24.78792982
01/19/2016 02:27:03.776 PM,8.411438358,8.67028133,25.08670481,24.88254663,24.77621851
01/19/2016 02:27:04.776 PM,8.410325416,8.680281682,25.06095574,24.89144526,24.77106544
01/19/2016 02:27:05.776 PM,8.40413165,8.66947485,25.05252848,24.876458,24.77387621
01/19/2016 02:27:06.776 PM,8.398712105,8.663990787,25.06423298,24.85866001,24.7715339
01/19/2016 02:27:07.776 PM,8.397405607,8.653345251,25.0618921,24.88067321,24.77059697
01/19/2016 02:27:08.776 PM,8.388937568,8.658506723,25.03567349,24.86943256,24.76684925
01/19/2016 02:27:09.776 PM,8.385663259,8.646893412,25.06657384,24.87364783,24.76356996
01/19/2016 02:27:10.776 PM,8.385050335,8.642699716,25.06751018,24.85631812,24.77575005
01/19/2016 02:27:11.776 PM,8.375211279,8.642699716,25.05112392,24.88723014,24.77856079
01/19/2016 02:27:12.776 PM,8.373211209,8.64173194,25.05814667,24.88067321,24.77200236
01/19/2016 02:27:13.776 PM,8.373356375,8.625441045,25.04831479,24.8741162,24.78605603
01/19/2016 02:27:14.776 PM,8.363291506,8.623505493,25.05580576,24.86849582,24.78277688
01/19/2016 02:27:15.776 PM,8.36111401,8.625441045,25.05721031,24.87786308,24.78277688
01/19/2016 02:27:16.776 PM,8.3526621,8.617860134,25.06797835,24.88395169,24.76872311
01/19/2016 02:27:17.776 PM,8.346919963,8.602214423,25.07125554,24.88114157,24.77621851
01/19/2016 02:27:18.776 PM,8.346952222,8.611085702,25.07874615,24.86334375,24.77434467
01/19/2016 02:27:19.776 PM,8.340613289,8.602214423,25.06891469,24.8741162,24.77715542
01/19/2016 02:27:20.776 PM,8.333790469,8.594310919,25.05908303,24.87036929,24.78465068
01/19/2016 02:27:21.776 PM,8.332613008,8.587536488,25.06329663,24.86990092,24.78558758
01/19/2016 02:27:22.776 PM,8.324677246,8.588020376,25.04925116,24.86287538,24.77012851
01/19/2016 02:27:23.776 PM,8.321402937,8.59027852,25.0384827,24.85631812,24.77106544
01/19/2016 02:27:24.776 PM,8.320322254,8.570923001,25.05393303,24.86006514,24.76919158
01/19/2016 02:27:25.776 PM,8.310563847,8.574471513,25.06516932,24.87224275,24.75794828
01/19/2016 02:27:26.776 PM,8.308225055,8.567535785,25.06282845,24.86802746,24.76919158
01/19/2016 02:27:27.776 PM,8.305966911,8.575923176,25.04550564,24.86006514,24.78511913
01/19/2016 02:27:28.776 PM,8.295176209,8.55205137,25.06516932,24.87926815,24.77293929
01/19/2016 02:27:29.776 PM,8.2943536,8.553019146,25.07359637,24.88535674,24.79542491
01/19/2016 02:27:30.776 PM,8.294498766,8.555922474,25.06236027,24.86240701,24.78090307
01/19/2016 02:27:31.776 PM,8.283191917,8.539792875,25.07406453,24.86381213,24.78886671
01/19/2016 02:27:32.776 PM,8.282627381,8.539631579,25.08061879,24.8797365,24.76919158
01/19/2016 02:27:33.776 PM,8.276723948,8.529631227,25.08015063,24.87458456,24.77715542
01/19/2016 02:27:34.776 PM,8.270643089,8.538018619,25.0548694,24.87458456,24.77387621
01/19/2016 02:27:35.776 PM,8.269433369,8.521243836,25.05908303,24.90783704,24.75607437
01/19/2016 02:27:36.776 PM,8.268030094,8.51624366,25.0618921,24.88723014,24.77012851
01/19/2016 02:27:37.776 PM,8.25693293,8.5226955,25.05908303,24.89144526,24.78277688
01/19/2016 02:27:38.776 PM,8.255223193,8.516566252,25.07921431,24.89425532,24.7898036
01/19/2016 02:27:39.776 PM,8.249416537,8.511243485,25.04878298,24.88254663,24.76544384
01/19/2016 02:27:40.776 PM,8.243771177,8.496726846,25.0717237,24.86990092,24.77996616
01/19/2016 02:27:41.776 PM,8.243513104,8.503662573,25.06797835,24.86521724,24.76075913
01/19/2016 02:27:42.776 PM,8.231335257,8.497210734,25.06610567,24.88863519,24.7977671
01/19/2016 02:27:43.776 PM,8.227867393,8.482048911,25.06282845,24.87505292,24.78511913
01/19/2016 02:27:44.776 PM,8.227673838,8.485758718,25.07266004,24.88723014,24.75982218
01/19/2016 02:27:45.776 PM,8.218060597,8.479145583,25.07968247,24.87552128,24.77481313
01/19/2016 02:27:46.776 PM,8.217496061,8.490275006,25.05627395,24.87739472,24.77621851
01/19/2016 02:27:47.776 PM,8.216689581,8.46479024,25.05814667,24.87926815,24.77996616
01/19/2016 02:27:48.776 PM,8.206753748,8.466887088,25.05814667,24.87833143,24.7794977
01/19/2016 02:27:49.776 PM,8.20504401,8.466725792,25.06048757,24.89472366,24.78137152
01/19/2016 02:27:50.776 PM,8.203672994,8.457048032,25.06470115,24.87224275,24.78839827
01/19/2016 02:27:51.776 PM,8.191882257,8.451725265,25.05955121,24.86193864,24.80760418
01/19/2016 02:27:52.776 PM,8.186914341,8.448338049,25.06470115,24.88395169,24.77996616
01/19/2016 02:27:53.776 PM,8.187140155,8.449951009,25.06282845,24.88067321,24.78886671
01/19/2016 02:27:54.776 PM,8.179897965,8.438982881,25.07874615,24.86381213,24.77106544
01/19/2016 02:27:55.776 PM,8.175817177,8.434144002,25.07078737,24.87598964,24.79355115
01/19/2016 02:27:56.776 PM,8.174010662,8.427046978,25.06985103,24.88535674,24.77340775
01/19/2016 02:27:57.776 PM,8.163300608,8.428659938,25.06938286,24.88067321,24.77481313
01/19/2016 02:27:58.776 PM,8.161590871,8.419627363,25.07125554,24.86943256,24.79495647
01/19/2016 02:27:59.776 PM,8.160671484,8.413820707,25.05533758,24.86802746,24.76497537
01/19/2016 02:28:00.776 PM,8.151493742,8.417046627,25.0637648,24.87926815,24.77996616
01/19/2016 02:28:01.776 PM,8.147090361,8.411723859,25.06001939,24.87458456,24.78699293
01/19/2016 02:28:02.776 PM,8.146509696,8.39882018,25.07546902,24.86147026,24.78605603
01/19/2016 02:28:03.776 PM,8.137235176,8.399787956,25.06329663,24.86334375,24.77575005
01/19/2016 02:28:04.776 PM,8.13465444,8.394303892,25.04878298,24.87833143,24.78277688
01/19/2016 02:28:05.776 PM,8.1346867,8.394949076,25.07874615,24.89425532,24.78558758
01/19/2016 02:28:06.776 PM,8.122444334,8.377690405,25.06797835,24.88160992,24.76029066
01/19/2016 02:28:07.776 PM,8.119234544,8.377851701,25.07921431,24.87364783,24.77762388
01/19/2016 02:28:08.776 PM,8.119266803,8.382367989,25.08436404,24.85959676,24.74108283
01/19/2016 02:28:09.776 PM,8.111508466,8.369141718,25.06797835,24.88957188,24.77481313
01/19/2016 02:28:10.776 PM,8.106895401,8.358334887,25.06516932,24.87271111,24.76591231
01/19/2016 02:28:11.776 PM,8.106072791,8.355270263,25.08202326,24.88816684,24.77528159
01/19/2016 02:28:12.776 PM,8.09686279,8.360431734,25.07266004,24.88488839,24.76356996
01/19/2016 02:28:13.776 PM,8.094830461,8.347366759,25.06516932,24.87833143,24.77387621
01/19/2016 02:28:14.776 PM,8.094556257,8.347689351,25.0815551,24.88254663,24.77059697
01/19/2016 02:28:15.776 PM,8.084684943,8.338818072,25.06236027,24.8642805,24.78465068
01/19/2016 02:28:16.776 PM,8.082120337,8.337205112,25.0717237,24.876458,24.79308271
01/19/2016 02:28:17.776 PM,8.082491317,8.329140313,25.07359637,24.87130602,24.76310149
01/19/2016 02:28:18.776 PM,8.073636168,8.328817721,25.0618921,24.88067321,24.79823554
01/19/2016 02:28:19.776 PM,8.068523085,8.325591801,25.07219187,24.88067321,24.77528159
01/19/2016 02:28:20.776 PM,8.063845501,8.324946617,25.06751018,24.87739472,24.77902925
01/19/2016 02:28:21.776 PM,8.05623233,8.30913961,25.07827799,24.89144526,24.7612276
01/19/2016 02:28:22.776 PM,8.056829125,8.316075337,25.06470115,24.88535674,24.77528159
01/19/2016 02:28:23.776 PM,8.055474239,8.315914041,25.05627395,24.84039296,24.80198301
01/19/2016 02:28:24.776 PM,8.044602889,8.304784618,25.05861485,24.88160992,24.78933516
01/19/2016 02:28:25.776 PM,8.043086707,8.302849066,25.06282845,24.88348334,24.77856079
01/19/2016 02:28:26.776 PM,8.042747986,8.290106683,25.0478466,24.85725488,24.79448803
01/19/2016 02:28:27.776 PM,8.034683186,8.295429451,25.07078737,24.87083765,24.77809234
01/19/2016 02:28:28.776 PM,8.028408772,8.289138907,25.06423298,24.88442004,24.77856079
01/19/2016 02:28:29.776 PM,8.02729583,8.287364651,25.08436404,24.87552128,24.78371378
01/19/2016 02:28:30.776 PM,8.01642448,8.271557644,25.06751018,24.87739472,24.79120894
01/19/2016 02:28:31.776 PM,8.013956651,8.272686716,25.06938286,24.87505292,24.76966004
01/19/2016 02:28:32.776 PM,8.014214725,8.281235404,25.06048757,24.86662235,24.77715542
01/19/2016 02:28:33.776 PM,8.00518215,8.26849302,25.07406453,24.87130602,24.76075913
01/19/2016 02:28:34.776 PM,8.001327175,8.253653789,25.06470115,24.88442004,24.77293929
01/19/2016 02:28:35.776 PM,8.000649732,8.253492493,25.04597383,24.89004023,24.77621851
01/19/2016 02:28:36.776 PM,7.994552744,8.261395997,25.06657384,24.88301499,24.78558758
01/19/2016 02:28:37.776 PM,7.988600922,8.259460445,25.0745327,24.87364783,24.78324533
01/19/2016 02:28:38.776 PM,7.985262095,8.230749759,25.0515921,24.87130602,24.77106544
01/19/2016 02:28:39.776 PM,7.975535947,8.232524015,25.07734167,24.87926815,24.77996616
01/19/2016 02:28:40.776 PM,7.974793985,8.236556415,25.05814667,24.86755909,24.78277688
01/19/2016 02:28:41.776 PM,7.97539078,8.234782159,25.06704201,24.87552128,24.7794977
01/19/2016 02:28:42.776 PM,7.967325981,8.220588112,25.06891469,24.87739472,24.77387621
01/19/2016 02:28:43.776 PM,7.962503231,8.216878304,25.0815551,24.8797365,24.78230843
01/19/2016 02:28:44.776 PM,7.954696505,8.215587936,25.07687351,24.86709072,24.78043461
01/19/2016 02:28:45.776 PM,7.952002862,8.21623312,25.06516932,24.88160992,24.78652448
01/19/2016 02:28:46.776 PM,7.951986732,8.21462016,25.07827799,24.86474887,24.80432517
01/19/2016 02:28:47.776 PM,7.943776766,8.204135921,25.07078737,24.87177438,24.77762388
01/19/2016 02:28:48.776 PM,7.939566941,8.199619633,25.06001939,24.86849582,24.78230843
01/19/2016 02:28:49.776 PM,7.939421775,8.197200193,25.06329663,24.86100189,24.78418223
01/19/2016 02:28:50.776 PM,7.929792404,8.18607077,25.04644202,24.88629344,24.79683022
01/19/2016 02:28:51.776 PM,7.928873017,8.191554833,25.05767849,24.86755909,24.76684925
01/19/2016 02:28:52.776 PM,7.919421072,8.182683554,25.05065573,24.876458,24.77387621
01/19/2016 02:28:53.776 PM,7.915324154,8.18042541,25.05767849,24.88020486,24.77856079
01/19/2016 02:28:54.776 PM,7.915259635,8.164779699,25.07359637,24.87364783,24.75138957
01/19/2016 02:28:55.776 PM,7.915646746,8.172683203,25.08108695,24.86381213,24.79074049
01/19/2016 02:28:56.776 PM,7.907388391,8.171231539,25.06751018,24.87879979,24.80526203
01/19/2016 02:28:57.776 PM,7.901501088,8.150908244,25.06797835,24.86849582,24.78886671
01/19/2016 02:28:58.776 PM,7.901194625,8.149295284,25.06751018,24.85725488,24.78699293
01/19/2016 02:28:59.776 PM,7.891291051,8.148166212,25.07125554,24.89004023,24.78324533
01/19/2016 02:29:00.776 PM,7.89012972,8.158811748,25.05955121,24.85866001,24.78792982
01/19/2016 02:29:01.776 PM,7.881532644,8.141230485,25.06751018,24.89144526,24.79355115
01/19/2016 02:29:02.776 PM,7.876935708,8.128649398,25.07968247,24.85538136,24.79355115
01/19/2016 02:29:03.776 PM,7.876693764,8.130101061,25.06048757,24.88254663,24.78699293
01/19/2016 02:29:04.776 PM,7.876532468,8.131552725,25.0703192,24.88957188,24.78043461
01/19/2016 02:29:05.776 PM,7.865903063,8.135585125,25.06751018,24.88207828,24.77293929
01/19/2016 02:29:06.776 PM,7.86237068,8.108326103,25.06001939,24.8642805,24.78699293
01/19/2016 02:29:07.776 PM,7.860160925,8.11364887,25.07500086,24.86521724,24.7794977
01/19/2016 02:29:08.776 PM,7.851483201,8.112842391,25.07827799,24.88582509,24.77902925
01/19/2016 02:29:09.776 PM,7.850773499,8.110906839,25.06282845,24.87271111,24.76263302
01/19/2016 02:29:10.776 PM,7.844160363,8.103487223,25.0745327,24.85303945,24.75279501
01/19/2016 02:29:11.776 PM,7.838579522,8.09316428,25.08249142,24.87739472,24.78183997
01/19/2016 02:29:12.776 PM,7.837805301,8.090906136,25.06891469,24.89050857,24.79074049
01/19/2016 02:29:13.776 PM,7.837805301,8.085583368,25.05112392,24.8741162,24.78465068
01/19/2016 02:29:14.776 PM,7.826095212,8.087841512,25.05908303,24.88582509,24.76497537
01/19/2016 02:29:15.776 PM,7.822675737,8.081228377,25.07500086,24.88395169,24.75982218
01/19/2016 02:29:16.776 PM,7.821966035,8.076389497,25.06048757,24.8741162,24.77668696
01/19/2016 02:29:17.776 PM,7.817094896,8.070905433,25.06844652,24.86053351,24.77481313
01/19/2016 02:29:18.776 PM,7.808868801,8.063163226,25.06985103,24.88723014,24.78699293
01/19/2016 02:29:19.776 PM,7.809239782,8.071873209,25.06797835,24.88114157,24.79027205
01/19/2016 02:29:20.776 PM,7.801416926,8.061711562,25.05252848,24.87598964,24.76029066
01/19/2016 02:29:21.776 PM,7.797755507,8.057033978,25.05346485,24.88254663,24.79823554
01/19/2016 02:29:22.776 PM,7.7936102,8.039775307,25.0703192,24.87458456,24.77996616
01/19/2016 02:29:23.776 PM,7.786206714,8.040743083,25.05393303,24.87692636,24.79027205
01/19/2016 02:29:24.776 PM,7.786222844,8.053808058,25.0478466,24.9087737,24.7612276
01/19/2016 02:29:25.776 PM,7.784738921,8.036226796,25.0717237,24.88957188,24.7612276
01/19/2016 02:29:26.776 PM,7.775448272,8.027678108,25.06470115,24.88442004,24.7794977
01/19/2016 02:29:27.776 PM,7.771577168,8.023323116,25.06329663,24.8483556,24.75935371
01/19/2016 02:29:28.776 PM,7.771802982,8.033000876,25.06657384,24.86568561,24.78183997
01/19/2016 02:29:29.776 PM,7.760173542,8.02880718,25.0731282,24.87692636,24.80432517
01/19/2016 02:29:30.776 PM,7.757383121,8.004774078,25.0731282,24.87833143,24.79214582
01/19/2016 02:29:31.776 PM,7.75702827,8.006064445,25.07780983,24.89050857,24.76872311
01/19/2016 02:29:32.776 PM,7.757125047,8.008161293,25.05861485,24.86615398,24.78183997
01/19/2016 02:29:33.776 PM,7.749834469,8.006870925,25.07078737,24.86943256,24.79214582
01/19/2016 02:29:34.776 PM,7.740785764,7.988967071,25.04925116,24.86381213,24.78699293
01/19/2016 02:29:35.776 PM,7.739463136,7.988805775,25.06657384,24.86755909,24.77434467
01/19/2016 02:29:36.776 PM,7.73610818,7.988321887,25.06610567,24.86755909,24.78558758
01/19/2016 02:29:37.776 PM,7.72846275,7.984289487,25.05955121,24.88582509,24.77856079
01/19/2016 02:29:38.776 PM,7.728769212,7.986870223,25.06657384,24.89472366,24.78183997
01/19/2016 02:29:39.776 PM,7.718736602,7.972192288,25.07874615,24.86662235,24.78511913
01/19/2016 02:29:40.776 PM,7.713671908,7.972676176,25.05767849,24.87130602,24.78277688
01/19/2016 02:29:41.776 PM,7.713365445,7.965901744,25.07780983,24.89144526,24.78746137
01/19/2016 02:29:42.776 PM,7.71357513,7.96041768,25.07734167,24.86147026,24.7977671
01/19/2016 02:29:43.776 PM,7.703719945,7.963321008,25.06095574,24.86474887,24.76919158
01/19/2016 02:29:44.776 PM,7.70071984,7.952514177,25.06657384,24.86006514,24.78043461
01/19/2016 02:29:45.776 PM,7.698590733,7.954288433,25.06844652,24.86943256,24.77059697
01/19/2016 02:29:46.776 PM,7.689493639,7.938158834,25.05627395,24.86006514,24.80151458
01/19/2016 02:29:47.776 PM,7.689509769,7.944933265,25.07500086,24.86240701,24.79729866
01/19/2016 02:29:48.776 PM,7.688912973,7.944288081,25.0703192,24.87083765,24.78324533
01/19/2016 02:29:49.776 PM,7.679122307,7.934610322,25.06657384,24.89800204,24.78277688
01/19/2016 02:29:50.776 PM,7.675106037,7.921384051,25.0637648,24.89566035,24.78090307
01/19/2016 02:29:51.776 PM,7.674686667,7.923480899,25.06095574,24.87598964,24.79401959
01/19/2016 02:29:52.776 PM,7.668186439,7.927835891,25.06236027,24.89659703,24.79214582
01/19/2016 02:29:53.776 PM,7.661250711,7.920900163,25.06001939,24.87598964,24.75373197
01/19/2016 02:29:54.776 PM,7.66047649,7.905093156,25.04550564,24.87317947,24.78558758
01/19/2016 02:29:55.776 PM,7.656927979,7.901544644,25.06236027,24.88160992,24.77856079
01/19/2016 02:29:56.776 PM,7.648347032,7.906060932,25.07780983,24.87036929,24.78183997
01/19/2016 02:29:57.776 PM,7.646766331,7.906706116,25.0703192,24.86053351,24.78886671
01/19/2016 02:29:58.776 PM,7.646169536,7.8992865,25.07546902,24.86896419,24.7794977
01/19/2016 02:29:59.776 PM,7.635362705,7.887834485,25.06891469,24.87879979,24.76966004
01/19/2016 02:30:00.776 PM,7.634104596,7.885415045,25.0548694,24.86709072,24.80713575
01/19/2016 02:30:01.776 PM,7.634443318,7.891544293,25.04035549,24.87317947,24.77902925
01/19/2016 02:30:02.776 PM,7.624265541,7.888318373,25.06610567,24.87598964,24.76591231
01/19/2016 02:30:03.776 PM,7.622039656,7.882189126,25.08717296,24.87552128,24.78277688
01/19/2016 02:30:04.776 PM,7.61987829,7.863317495,25.04082369,24.85584974,24.78043461
01/19/2016 02:30:05.776 PM,7.610797326,7.869608038,25.07078737,24.87786308,24.79120894
01/19/2016 02:30:06.776 PM,7.610055364,7.872188774,25.06657384,24.88582509,24.79495647
01/19/2016 02:30:07.776 PM,7.602329286,7.869446742,25.08108695,24.87552128,24.77668696
01/19/2016 02:30:08.776 PM,7.595925835,7.850897704,25.06236027,24.87833143,24.78090307
01/19/2016 02:30:09.776 PM,7.595619373,7.848478264,25.04597383,24.8797365,24.78511913
01/19/2016 02:30:10.776 PM,7.596054872,7.855736583,25.06797835,24.87739472,24.79120894
01/19/2016 02:30:11.776 PM,7.589877236,7.855736583,25.0478466,24.87271111,24.7898036
01/19/2016 02:30:12.776 PM,7.584199617,7.838477912,25.06095574,24.8516343,24.77434467
01/19/2016 02:30:13.776 PM,7.581231771,7.828800153,25.06236027,24.86474887,24.79355115
01/19/2016 02:30:14.776 PM,7.572102418,7.832993849,25.0370781,24.88723014,24.77340775
01/19/2016 02:30:15.776 PM,7.571554011,7.83734884,25.06610567,24.86474887,24.7715339
01/19/2016 02:30:16.776 PM,7.571263679,7.825412937,25.06985103,24.86521724,24.79917241
01/19/2016 02:30:17.776 PM,7.562666602,7.816219066,25.06704201,24.86053351,24.77575005
01/19/2016 02:30:18.776 PM,7.557182539,7.811380186,25.05767849,24.87879979,24.78371378
01/19/2016 02:30:19.776 PM,7.557085761,7.820251466,25.08483219,24.87786308,24.78792982
01/19/2016 02:30:20.776 PM,7.54748865,7.80960593,25.06797835,24.86568561,24.77575005
01/19/2016 02:30:21.776 PM,7.545214376,7.803960571,25.07359637,24.86334375,24.80291988
01/19/2016 02:30:22.776 PM,7.544311119,7.794121515,25.06282845,24.87130602,24.76544384
01/19/2016 02:30:23.776 PM,7.542101364,7.792185963,25.06938286,24.86381213,24.79355115
01/19/2016 02:30:24.776 PM,7.533552676,7.804605755,25.06329663,24.85069753,24.79401959
01/19/2016 02:30:25.776 PM,7.532068753,7.779766172,25.08436404,24.86521724,24.79495647
01/19/2016 02:30:26.776 PM,7.522084531,7.78347598,25.04831479,24.88020486,24.78277688
01/19/2016 02:30:27.776 PM,7.519858647,7.776701548,25.06282845,24.87926815,24.75794828
01/19/2016 02:30:28.776 PM,7.512535809,7.774282109,25.05861485,24.86802746,24.79495647
01/19/2016 02:30:29.776 PM,7.510116369,7.773475629,25.05908303,24.88629344,24.77668696
01/19/2016 02:30:30.776 PM,7.509616351,7.766056013,25.06048757,24.87458456,24.79355115
01/19/2016 02:30:31.776 PM,7.51006798,7.762668797,25.07359637,24.88114157,24.79401959
01/19/2016 02:30:32.776 PM,7.498615965,7.757991214,25.06938286,24.86849582,24.78418223
01/19/2016 02:30:33.776 PM,7.497567541,7.768798045,25.06891469,24.86709072,24.78652448
01/19/2016 02:30:34.776 PM,7.497470763,7.756055662,25.05627395,24.87926815,24.77387621
01/19/2016 02:30:35.776 PM,7.485809063,7.751055486,25.07593719,24.8797365,24.77902925
01/19/2016 02:30:36.776 PM,7.48351866,7.744281054,25.05955121,24.88442004,24.77528159
01/19/2016 02:30:37.776 PM,7.482260552,7.743313279,25.05955121,24.87177438,24.76778618
01/19/2016 02:30:38.776 PM,7.482083126,7.741861615,25.06657384,24.88020486,24.77809234
01/19/2016 02:30:39.776 PM,7.470324648,7.726215904,25.0717237,24.86615398,24.77434467
01/19/2016 02:30:40.776 PM,7.46864717,7.731538671,25.0857685,24.87926815,24.78792982
01/19/2016 02:30:41.776 PM,7.467421321,7.720570544,25.06704201,24.86662235,24.78839827
01/19/2016 02:30:42.776 PM,7.465356732,7.726861088,25.06610567,24.87224275,24.79308271
01/19/2016 02:30:43.776 PM,7.455178955,7.717667216,25.07687351,24.86662235,24.78792982
01/19/2016 02:30:44.776 PM,7.453404699,7.710892785,25.04035549,24.86521724,24.77996616
01/19/2016 02:30:45.776 PM,7.44371081,7.718473696,25.05206029,24.88535674,24.77902925
01/19/2016 02:30:46.776 PM,7.441194593,7.707182977,25.06142392,24.88488839,24.77902925
01/19/2016 02:30:47.776 PM,7.441646221,7.696537442,25.08530035,24.87739472,24.78605603
01/19/2016 02:30:48.776 PM,7.437646081,7.69298893,25.05627395,24.88348334,24.77715542
01/19/2016 02:30:49.776 PM,7.431807166,7.696860034,25.05674213,24.88535674,24.77902925
01/19/2016 02:30:50.776 PM,7.429565152,7.692505042,25.07546902,24.89659703,24.78277688
01/19/2016 02:30:51.776 PM,7.428807061,7.673310819,25.06095574,24.86755909,24.7715339
01/19/2016 02:30:52.776 PM,7.419306727,7.680730435,25.06001939,24.87177438,24.7794977
01/19/2016 02:30:53.776 PM,7.41516142,7.674117299,25.0478466,24.85912839,24.78090307
01/19/2016 02:30:54.776 PM,7.415306586,7.678633587,25.04878298,24.86334375,24.77012851
01/19/2016 02:30:55.776 PM,7.40753212,7.671536563,25.0637648,24.87926815,24.7471732
01/19/2016 02:30:56.776 PM,7.40309648,7.657665108,25.05533758,24.8797365,24.78324533
01/19/2016 02:30:57.776 PM,7.402854536,7.666697684,25.05580576,24.89987539,24.78230843
01/19/2016 02:30:58.776 PM,7.402209352,7.65556826,25.06844652,24.86100189,24.78324533
01/19/2016 02:30:59.776 PM,7.392886444,7.659923252,25.07827799,24.86287538,24.76825465
01/19/2016 02:31:00.776 PM,7.390386356,7.641858101,25.07593719,24.87505292,24.76966004
01/19/2016 02:31:01.776 PM,7.387563676,7.640245141,25.05299666,24.87552128,24.78277688
01/19/2016 02:31:02.776 PM,7.377531066,7.641212917,25.06236027,24.86943256,24.77621851
01/19/2016 02:31:03.776 PM,7.37575681,7.638309589,25.06938286,24.89425532,24.77668696
01/19/2016 02:31:04.776 PM,7.376643938,7.630889974,25.06470115,24.86896419,24.77902925
01/19/2016 02:31:05.776 PM,7.3652887,7.618631479,25.05252848,24.86662235,24.74342529
01/19/2016 02:31:06.776 PM,7.364514479,7.625244614,25.06142392,24.8797365,24.80666732
01/19/2016 02:31:07.776 PM,7.363772518,7.619760551,25.06516932,24.86662235,24.80245145
01/19/2016 02:31:08.776 PM,7.357030345,7.620567031,25.07640535,24.8975337,24.7715339
01/19/2016 02:31:09.776 PM,7.351255949,7.608308535,25.0703192,24.8741162,24.77528159
01/19/2016 02:31:10.776 PM,7.34999784,7.602663176,25.05814667,24.87926815,24.79729866
01/19/2016 02:31:11.776 PM,7.350594635,7.608631127,25.06938286,24.86381213,24.78839827
01/19/2016 02:31:12.776 PM,7.339029713,7.607985943,25.0703192,24.86802746,24.79214582
01/19/2016 02:31:13.776 PM,7.336561884,7.593469304,25.05861485,24.87739472,24.76403843
01/19/2016 02:31:14.776 PM,7.336142515,7.589598201,25.0731282,24.86100189,24.78839827
01/19/2016 02:31:15.776 PM,7.33309402,7.588469129,25.06423298,24.88535674,24.80010928
01/19/2016 02:31:16.776 PM,7.323238835,7.587178761,25.06236027,24.90081206,24.77481313
01/19/2016 02:31:17.776 PM,7.321754912,7.57153305,25.06095574,24.86568561,24.79355115
01/19/2016 02:31:18.776 PM,7.321932338,7.574758969,25.06048757,24.89331864,24.77481313
01/19/2016 02:31:19.776 PM,7.311835209,7.569436202,25.0745327,24.88769849,24.79636179
01/19/2016 02:31:20.776 PM,7.310077083,7.576694521,25.08623665,24.88863519,24.7645069
01/19/2016 02:31:21.776 PM,7.309318992,7.567178058,25.07827799,24.88067321,24.78090307
01/19/2016 02:31:22.776 PM,7.296705645,7.552661419,25.05440122,24.85772325,24.77621851
01/19/2016 02:31:23.776 PM,7.294592668,7.554435675,25.06095574,24.89191361,24.78230843
01/19/2016 02:31:24.776 PM,7.293947484,7.549435499,25.06891469,24.86568561,24.79542491
01/19/2016 02:31:25.776 PM,7.291947414,7.558145483,25.0637648,24.876458,24.78933516
01/19/2016 02:31:26.776 PM,7.280737342,7.536693116,25.06704201,24.86147026,24.77340775
01/19/2016 02:31:27.776 PM,7.279946992,7.535241452,25.06938286,24.86147026,24.78137152
01/19/2016 02:31:28.776 PM,7.280205065,7.538467372,25.07078737,24.84554527,24.78324533
01/19/2016 02:31:29.776 PM,7.279269549,7.536370524,25.05627395,24.86240701,24.76638078
01/19/2016 02:31:30.776 PM,7.267494942,7.536370524,25.0717237,24.89285029,24.78933516
01/19/2016 02:31:31.776 PM,7.265640038,7.521047405,25.06657384,24.90221707,24.77293929
01/19/2016 02:31:32.776 PM,7.258897865,7.519434445,25.07593719,24.88957188,24.76075913
01/19/2016 02:31:33.776 PM,7.252639581,7.516692413,25.03988729,24.88254663,24.78558758
01/19/2016 02:31:34.776 PM,7.252333118,7.522982957,25.0548694,24.87177438,24.79214582
01/19/2016 02:31:35.776 PM,7.251575027,7.50072411,25.08295957,24.86943256,24.77340775
01/19/2016 02:31:36.776 PM,7.246316778,7.500562814,25.07406453,24.85631812,24.77762388
01/19/2016 02:31:37.776 PM,7.239122977,7.504272622,25.06236027,24.85397622,24.78324533
01/19/2016 02:31:38.776 PM,7.237864868,7.502498366,25.06001939,24.87036929,24.77762388
01/19/2016 02:31:39.776 PM,7.236300297,7.488465615,25.03567349,24.87692636,24.76778618
01/19/2016 02:31:40.776 PM,7.226332205,7.480562112,25.07266004,24.86381213,24.78511913
01/19/2016 02:31:41.776 PM,7.225348299,7.481368592,25.06657384,24.86709072,24.78511913
01/19/2016 02:31:42.776 PM,7.225638632,7.483465439,25.05861485,24.87926815,24.79870397
01/19/2016 02:31:43.776 PM,7.213702729,7.485884879,25.0745327,24.88816684,24.79964084
01/19/2016 02:31:44.776 PM,7.211460715,7.467819728,25.07125554,24.87271111,24.78090307
01/19/2016 02:31:45.776 PM,7.211121993,7.465238993,25.08061879,24.86474887,24.77902925
01/19/2016 02:31:46.776 PM,7.201557141,7.464916401,25.05206029,24.87739472,24.78652448
01/19/2016 02:31:47.776 PM,7.199911922,7.464755105,25.0473784,24.87036929,24.77387621
01/19/2016 02:31:48.776 PM,7.199508682,7.461367889,25.04971935,24.8567865,24.79308271
01/19/2016 02:31:49.776 PM,7.196411799,7.447012546,25.05627395,24.85631812,24.77481313
01/19/2016 02:31:50.776 PM,7.187653427,7.446206066,25.07219187,24.85772325,24.77668696
01/19/2016 02:31:51.776 PM,7.186814688,7.449754578,25.06751018,24.89285029,24.77340775
01/19/2016 02:31:52.776 PM,7.186250152,7.451528833,25.07780983,24.87083765,24.77247082
01/19/2016 02:31:53.776 PM,7.177169187,7.432495907,25.0745327,24.85912839,24.77247082
01/19/2016 02:31:54.776 PM,7.172814196,7.426205363,25.07266004,24.89050857,24.78746137
01/19/2016 02:31:55.776 PM,7.17262064,7.431528131,25.07125554,24.86568561,24.79823554
01/19/2016 02:31:56.776 PM,7.171685124,7.432173315,25.0656375,24.88020486,24.76497537
01/19/2016 02:31:57.776 PM,7.162765456,7.423463331,25.07874615,24.87739472,24.77106544
01/19/2016 02:31:58.776 PM,7.157845928,7.414108164,25.06844652,24.85210269,24.76029066
01/19/2016 02:31:59.776 PM,7.15694267,7.41023706,25.07593719,24.88816684,24.76966004
01/19/2016 02:32:00.776 PM,7.156797504,7.411204836,25.07827799,24.88582509,24.77856079
01/19/2016 02:32:01.776 PM,7.150361794,7.417979268,25.0656375,24.88067321,24.7898036
01/19/2016 02:32:02.776 PM,7.144264806,7.402494853,25.06329663,24.86381213,24.78699293
01/19/2016 02:32:03.776 PM,7.141393737,7.390397653,25.06891469,24.88488839,24.80947788
01/19/2016 02:32:04.776 PM,7.133103123,7.391849317,25.06236027,24.88442004,24.79120894
01/19/2016 02:32:05.776 PM,7.132570846,7.392817093,25.0618921,24.87926815,24.78418223
01/19/2016 02:32:06.776 PM,7.131909533,7.400881893,25.05908303,24.88020486,24.79308271
01/19/2016 02:32:07.776 PM,7.123038253,7.382171558,25.05767849,24.89659703,24.77059697
01/19/2016 02:32:08.776 PM,7.118602614,7.376687494,25.03941909,24.87317947,24.77762388
01/19/2016 02:32:09.776 PM,7.118150985,7.376203606,25.05112392,24.88769849,24.79448803
01/19/2016 02:32:10.776 PM,7.10869904,7.376526198,25.07780983,24.87786308,24.79542491
01/19/2016 02:32:11.776 PM,7.10747319,7.376203606,25.0717237,24.85772325,24.80057771
01/19/2016 02:32:12.776 PM,7.105924749,7.359428823,25.05206029,24.87177438,24.80291988
01/19/2016 02:32:13.776 PM,7.103231106,7.359428823,25.07593719,24.88301499,24.79636179
01/19/2016 02:32:14.776 PM,7.094730807,7.356202904,25.06844652,24.86709072,24.78324533
01/19/2016 02:32:15.776 PM,7.094456604,7.352976984,25.07266004,24.86755909,24.78792982
01/19/2016 02:32:16.776 PM,7.094295308,7.348783288,25.06516932,24.87739472,24.78277688
01/19/2016 02:32:17.776 PM,7.085182085,7.337492569,25.07734167,24.89378698,24.7715339
01/19/2016 02:32:18.776 PM,7.08094,7.336847385,25.06236027,24.90690038,24.76263302
01/19/2016 02:32:19.776 PM,7.079762539,7.339428121,25.06282845,24.88067321,24.79355115
01/19/2016 02:32:20.776 PM,7.07208485,7.333944057,25.07406453,24.88629344,24.78746137
01/19/2016 02:32:21.776 PM,7.06969767,7.329911657,25.0703192,24.86896419,24.75420045
01/19/2016 02:32:22.776 PM,7.069068615,7.319266122,25.0618921,24.87458456,24.79214582
01/19/2016 02:32:23.776 PM,7.068907319,7.320233898,25.05299666,24.87036929,24.7645069
01/19/2016 02:32:24.776 PM,7.062665164,7.314265946,25.06657384,24.86755909,24.77106544
01/19/2016 02:32:25.776 PM,7.0576166,7.322653338,25.07219187,24.86943256,24.79120894
01/19/2016 02:32:26.776 PM,7.05440681,7.305233371,25.07125554,24.88160992,24.77528159
01/19/2016 02:32:27.776 PM,7.051100242,7.303781707,25.06891469,24.85631812,24.79074049
01/19/2016 02:32:28.776 PM,7.041970889,7.304588187,25.08108695,24.89706536,24.80010928
01/19/2016 02:32:29.776 PM,7.041470871,7.297168572,25.08436404,24.87364783,24.78746137
01/19/2016 02:32:30.776 PM,7.042067667,7.299426715,25.06470115,24.89472366,24.76966004
01/19/2016 02:32:31.776 PM,7.03188989,7.285877852,25.07125554,24.87692636,24.78839827
01/19/2016 02:32:32.776 PM,7.027599416,7.287490812,25.06985103,24.8797365,24.78183997
01/19/2016 02:32:33.776 PM,7.027180047,7.287490812,25.05721031,24.88020486,24.77762388
01/19/2016 02:32:34.776 PM,7.021195965,7.280393789,25.07125554,24.87598964,24.80385674
01/19/2016 02:32:35.776 PM,7.014534441,7.275393613,25.05580576,24.88816684,24.77528159
01/19/2016 02:32:36.776 PM,7.013066648,7.269909549,25.06704201,24.87458456,24.77715542
01/19/2016 02:32:37.776 PM,7.013211814,7.271038621,25.06751018,24.87926815,24.78090307
01/19/2016 02:32:38.776 PM,7.007114826,7.26265123,25.06751018,24.87130602,24.77528159
01/19/2016 02:32:39.776 PM,6.999356489,7.26345771,25.06657384,24.87786308,24.78839827
01/19/2016 02:32:40.776 PM,6.997566103,7.251199214,25.07125554,24.88629344,24.78043461
01/19/2016 02:32:41.776 PM,6.997356418,7.255070318,25.04971935,24.89566035,24.78137152
01/19/2016 02:32:42.776 PM,6.988065769,7.250231439,25.0731282,24.88301499,24.78277688
01/19/2016 02:32:43.776 PM,6.98522696,7.238779423,25.06423298,24.87505292,24.77902925
01/19/2016 02:32:44.776 PM,6.986501198,7.250392735,25.06704201,24.89940705,24.79261426
01/19/2016 02:32:45.776 PM,6.984743072,7.231843696,25.08483219,24.87926815,24.7715339
01/19/2016 02:32:46.776 PM,6.974016889,7.231521104,25.06095574,24.86147026,24.76638078
01/19/2016 02:32:47.776 PM,6.969613508,7.232972768,25.08857741,24.87224275,24.79261426
01/19/2016 02:32:48.776 PM,6.96991997,7.227811296,25.08061879,24.8642805,24.78465068
01/19/2016 02:32:49.776 PM,6.969678026,7.2236176,25.06142392,24.87177438,24.78137152
01/19/2016 02:32:50.776 PM,6.967952159,7.217810945,25.04691021,24.88067321,24.76356996
01/19/2016 02:32:51.776 PM,6.955306554,7.218133537,25.06985103,24.89331864,24.77902925
01/19/2016 02:32:52.776 PM,6.95345165,7.216681873,25.06891469,24.85819163,24.79027205
01/19/2016 02:32:53.776 PM,6.954354907,7.212649473,25.03941909,24.87224275,24.79074049
01/19/2016 02:32:54.776 PM,6.945548146,7.206197633,25.06891469,24.90736871,24.79120894
01/19/2016 02:32:55.776 PM,6.939870528,7.198778018,25.06704201,24.88723014,24.80151458
01/19/2016 02:32:56.776 PM,6.93937051,7.198939314,25.06704201,24.88769849,24.77621851
01/19/2016 02:32:57.776 PM,6.934580019,7.184745267,25.04925116,24.876458,24.77340775
01/19/2016 02:32:58.776 PM,6.929144344,7.192326178,25.07734167,24.88114157,24.77528159
01/19/2016 02:32:59.776 PM,6.927192663,7.183616195,25.09279074,24.86990092,24.78746137
01/19/2016 02:33:00.776 PM,6.919982732,7.179261203,25.04550564,24.88535674,24.79542491
01/19/2016 02:33:01.776 PM,6.91685359,7.173131956,25.0389509,24.89097692,24.7794977
01/19/2016 02:33:02.776 PM,6.917160052,7.16571234,25.06470115,24.88348334,24.77762388
01/19/2016 02:33:03.776 PM,6.916627775,7.175873987,25.08295957,24.87364783,24.78137152
01/19/2016 02:33:04.776 PM,6.905643519,7.163938084,25.06844652,24.9026854,24.77528159
01/19/2016 02:33:05.776 PM,6.90117562,7.162809012,25.06704201,24.87879979,24.79542491
01/19/2016 02:33:06.776 PM,6.900788509,7.147808485,25.05861485,24.876458,24.77106544
01/19/2016 02:33:07.776 PM,6.901320786,7.156841061,25.06142392,24.87130602,24.78230843
01/19/2016 02:33:08.776 PM,6.893643097,7.155711989,25.07593719,24.88067321,24.77434467
01/19/2016 02:33:09.776 PM,6.887271905,7.147647189,25.08389588,24.8741162,24.77856079
01/19/2016 02:33:10.776 PM,6.886707369,7.147324597,25.06236027,24.86709072,24.78277688
01/19/2016 02:33:11.776 PM,6.886739629,7.140872758,25.07078737,24.88957188,24.7574798
01/19/2016 02:33:12.776 PM,6.879965197,7.140550166,25.05206029,24.90455873,24.76778618
01/19/2016 02:33:13.776 PM,6.872061694,7.13474351,25.06704201,24.89331864,24.76825465
01/19/2016 02:33:14.776 PM,6.871206825,7.131356294,25.07078737,24.87786308,24.77387621
01/19/2016 02:33:15.776 PM,6.870851974,7.12990463,25.05861485,24.89378698,24.7977671
01/19/2016 02:33:16.776 PM,6.871335862,7.118775207,25.08530035,24.88114157,24.78324533
01/19/2016 02:33:17.776 PM,6.859109626,7.126194823,25.0618921,24.87692636,24.77528159
01/19/2016 02:33:18.776 PM,6.855609503,7.113452439,25.08061879,24.89800204,24.78652448
01/19/2016 02:33:19.776 PM,6.85531917,7.11183948,25.07780983,24.8975337,24.79261426
01/19/2016 02:33:20.776 PM,6.851173863,7.10216172,25.06516932,24.89425532,24.78511913
01/19/2016 02:33:21.776 PM,6.843399396,7.10942004,25.0703192,24.86147026,24.79683022
01/19/2016 02:33:22.776 PM,6.842931638,7.111678184,25.06470115,24.9125203,24.76591231
01/19/2016 02:33:23.776 PM,6.8412219,7.096355065,25.07219187,24.89331864,24.78605603
01/19/2016 02:33:24.776 PM,6.839528292,7.094096921,25.0703192,24.90174873,24.78371378
01/19/2016 02:33:25.776 PM,6.835302338,7.082644905,25.04831479,24.87364783,24.80057771
